4621646783,2020-11-21 19:16:17,adeosun_steven,"@UBAGroup 1. BLESSED
2.PIECE OF ME
3. LONGTIME
4. MIGHTY WINE
5. NO STRESS
6. RECKLESS"
1315565369709469697,2020-11-21 19:16:16,VictorSuperlif,"RT @Mochievous: This article provides some context on what is going on in Uganda. 

https://t.co/4rHmJx1fpl"
1184900133416325123,2020-11-21 19:16:14,SayWhatIWant_QP,Str8 for the next month...wine n liquor
3687673343,2020-11-21 19:16:14,Jenny_cornelsen,RT @garbageboykief: my keyboard after one glass of wine https://t.co/I8UNmGbAy7
1114140988245729280,2020-11-21 19:16:12,Vinobox_es,"¬ø Conoces nuestra Gama Vinobox Design? ‚û° Para los m√°s exigentes. https://t.co/h7GuDfa4TM 
#wine #catavinos‚Ä¶ https://t.co/AeVR0xv9bu"
1201964544714776576,2020-11-21 19:16:12,starlenefayth__,Can‚Äôt wait to enjoy my wine and blunt .
53661844,2020-11-21 19:16:09,grahamwitch1,@MartineBBC I get you. Seems like I need to up my wine and snacks game. üßê
392919688,2020-11-21 19:16:08,Nisha_BDuhh,None drinking wine before I even eat.
1321239131821907970,2020-11-21 19:16:07,TLauritano,"RT @PiggyTravelling: We are in #Tuscany, Italy üáÆüáπ 
This is ‚Äúthe Panzanella‚Äù. This Tuscan-style tomato salad ü•ó features chunks of ciabatta,‚Ä¶"
847758778384736257,2020-11-21 19:16:06,tz_ceo,"RT @Mochievous: This article provides some context on what is going on in Uganda. 

https://t.co/4rHmJx1fpl"
1220654321022504960,2020-11-21 19:16:06,manelisi_97,RT @casspernyovest: #AMN back at no 1 on the ITunes charts!!!! 3 months later!!! Real music!!!! This album is going to age like wine. I put‚Ä¶
2436054799,2020-11-21 19:16:06,soldwchristina,"Wondering what wine to pair with dinner this holiday? 
Running Vines Winery in Chesterton has put out a guide for u‚Ä¶ https://t.co/jZNTMen9em"
964601755970359296,2020-11-21 19:16:04,managementideas,Wine Store Design ‚Äì A Real Break Through For Your Success https://t.co/tzsW5uisis #RetailDesign
265555512,2020-11-21 19:16:02,danadanebitch,Every time I drink wine I keep my legs crossed lmao
563097867,2020-11-21 19:16:02,christinehbroom,@JuliaHB1 A little wine to wash it down.
843732241,2020-11-21 19:16:01,PreinceRiebus,@richardkirwan @jeremynewberger wine glasses help to retain the fizz and that pairs best with McNuggets. act like y‚Ä¶ https://t.co/ABL8VEQ43p
21433615,2020-11-21 19:16:00,ElleChanel,"@itsjadad Did they even try to leave when you opened the door? Hell, present you with a bottle of wine? 

Invoice t‚Ä¶ https://t.co/njTltcsAuP"
3814220721,2020-11-21 19:16:00,Wine_Cuentista,"@agar61 @vinetrail What's the base vintage, Jim? Wondering whether to risk a couple of 2018s or hold on for 2019."
555604292,2020-11-21 19:16:00,eli_menachem,"RT @g00dlyf: i would like a sunrise picnic date with my favorite fruits, flowers, wine + painting."
877996069,2020-11-21 19:15:59,PowerOfTheMark,"This dude's words age like fine wine!  Keep up the great work, @profwolff! https://t.co/8ZfO8AsJMo"
1299803786781704193,2020-11-21 19:15:59,hemyhemyhemy,so fucking excited to make my festive beverages this year. kahlua and eggnog and what I'm hoping to be my best mull‚Ä¶ https://t.co/701HQZrrll
895710711581638656,2020-11-21 19:15:58,LGBT_Collector,@78_cowboy @cheeky2xists Who wants their house to smell like mulled wine ü§¢
995086010483724288,2020-11-21 19:15:58,Ebuka_empire,"RT @white_wears: *Stock : Rot Fila Reflexive*

*Size: 41 to 46*

*Colors : Black, White, Wine x Reflexive*

*Price: 16,000 Naira *

*Fully‚Ä¶"
1146544127422734342,2020-11-21 19:15:58,beadsbybdl,"RT @sofias_estilo: Hot and fresh ü•µü•µü•µ

Fine wine üç∑ 

This color, this style, it‚Äôs too lit üî• 

Available in S-L

‚Ç¶10,500 https://t.co/UbajwAp‚Ä¶"
1239246336039550976,2020-11-21 19:15:58,Realadrianking,"@UBAGroup 1. Blessed
2. Piece Of Me
3. LongTime
4. Mighty Wine
5. No Stress
6. Reckless

#UBAGameTime #MadeinLagos"
1218228814968446977,2020-11-21 19:15:58,NeoconVict,"RT @Cernovich: Don Jr is temporarily alone in quarantine before he returns to his gorgeous girlfriend, wonderful children, and speaking car‚Ä¶"
903583650,2020-11-21 19:15:55,floochowsky,"RT @PeterMaya1996: Museum Museveni branded cars killing Ugandans who demanded release of PRESIDENT Bobi Wine.
I hope UN and AU is watching‚Ä¶"
23922042,2020-11-21 19:15:53,CarolLX,"@ThatEricAlper Hanging out at ""The Circle,"" in the middle of the desert with friends. Someone bringing Andre' wine.‚Ä¶ https://t.co/JZm6w4XKSc"
214610311,2020-11-21 19:15:53,emmflowerss,I‚Äôm getting wine drunk today
23599366,2020-11-21 19:15:53,mszgabbii,RT @_eboniiiii: Everyday is for wine
719416656573935617,2020-11-21 19:15:52,dimex_of_Afrika,"RT @white_wears: *Stock : Rot Fila Reflexive*

*Size: 41 to 46*

*Colors : Black, White, Wine x Reflexive*

*Price: 16,000 Naira *

*Fully‚Ä¶"
41620129,2020-11-21 19:15:51,MissHeth,Wine and pizza üç∑üçï. Happy Saturday everyone! #SaturdayVibes
358402684,2020-11-21 19:15:50,_ngc00,"RT @g00dlyf: i would like a sunrise picnic date with my favorite fruits, flowers, wine + painting."
1178038824401850368,2020-11-21 19:15:49,dejidejo,"RT @white_wears: *Stock : Rot Fila Reflexive*

*Size: 41 to 46*

*Colors : Black, White, Wine x Reflexive*

*Price: 16,000 Naira *

*Fully‚Ä¶"
1384208720,2020-11-21 19:15:48,GomolemoLesabe,RT @casspernyovest: #AMN back at no 1 on the ITunes charts!!!! 3 months later!!! Real music!!!! This album is going to age like wine. I put‚Ä¶
2159403900,2020-11-21 19:15:47,letiarenee,RT @AthenasApotheca: I feel like I haven‚Äôt promoted my wine glass holders in awhile. These make great holiday gifts! ‚ú® #linkinbio https://t‚Ä¶
1234091258353717248,2020-11-21 19:15:47,mayoprint,RT @ilysmicymi: I hope my hot stepbrother doesn‚Äôt drink too much wine at Thanksgiving and reveal his true feelings for me
1209596638274215937,2020-11-21 19:15:47,10_dreez,"RT @white_wears: *Stock : Rot Fila Reflexive*

*Size: 41 to 46*

*Colors : Black, White, Wine x Reflexive*

*Price: 16,000 Naira *

*Fully‚Ä¶"
1269566427951964161,2020-11-21 19:15:46,kagenyilukka,"RT @daudikabanda: Just like it's been in all previous riots, Bobi wine, just like omusinga,ssejusa, Kayihura will be bailed out while those‚Ä¶"
126740138,2020-11-21 19:15:45,nikkixelena,RT @garbageboykief: my keyboard after one glass of wine https://t.co/I8UNmGbAy7
1044970663709224960,2020-11-21 19:15:42,iam_shuaib_jnr,"RT @iam_shuaib_jnr: 1. Blessed
2. Piece Of Me
3. LongTime
4. Mighty Wine
5. No Stress
6. Reckless

#UBAGameTime 
#MadeinLagos"
1214309246809952257,2020-11-21 19:15:42,luvs_with,"Minghao with singularity 

- Minghao will definitely make a god like choreography
- I‚Äôll love to hear his deep smoo‚Ä¶ https://t.co/C699z7b3A8"
2958382227,2020-11-21 19:15:38,RamonHokka,"RT @BorisJohnson: Great to speak with @JustinTrudeau, @mary_ng and @trussliz today to secure a fantastic trade agreement for Britain. 
 
Br‚Ä¶"
88229207,2020-11-21 19:15:38,FJOByrne,@ConradAntonio1 I have wine - all is good! üòÇ
121004469,2020-11-21 19:15:37,AriRhea17,"‚ÄúYou look so good, what‚Äôs your workout secret‚Äù

Me: red wine. A glass (or bottle) every night."
4270123633,2020-11-21 19:15:37,arsjiaerwang,i drank wine &amp; imma doze off but no imma streammmmm send help
1315785036998889474,2020-11-21 19:15:37,MikMik92485767,My day breakfast with the squad 4 jir always at his daddy house on the weekends. Seafood ü¶û üç§ü¶™ &amp; wine üçπüç∏üç∑ day with m‚Ä¶ https://t.co/X0qugXJ9Fb
1155121761714708485,2020-11-21 19:15:37,96zcombo,"RT @siorikira: Chuya aka Master Diluc drinking some wine in a weird manner

#artistsontwitter #GenshinImpact #BSD #crossover #anime #sketch‚Ä¶"
378295514,2020-11-21 19:15:37,DaveMongin,RT @GrassrootsSpeak: When participating in a coup maybe you don't go to the Dictator's hotel to drop big bucks on wine &amp; champagne. It make‚Ä¶
2451745256,2020-11-21 19:15:36,anon_man_,"RT @AtheistRepublic: Did he turn water into wine?
#Atheism #Atheist https://t.co/iZDU2nfwdT"
128215032,2020-11-21 19:15:33,westphillybabe,This pms crazy. I know I‚Äôm opening that MJB @maryjblige sungoddess wine tonight. I‚Äôm not gon cry üò© lol
842305203965722625,2020-11-21 19:15:32,vicarswifetobe,"I also don‚Äôt normally drink and I‚Äôm a glass of wine down but, honestly, WHO KNEW? Lemmie hear your voices folks üòç. https://t.co/wlGODVFnc6"
336888854,2020-11-21 19:15:32,PhlyinPhil12,Boxed Wine: Bagged wine for post grads
932814862144688128,2020-11-21 19:15:30,whatsupkrys,Found a brand of wine called Black Girl Magic in Target earlier and I lowkey can‚Äôt wait to try it.
341054145,2020-11-21 19:15:29,brand_Le4der,"RT @BorisJohnson: Great to speak with @JustinTrudeau, @mary_ng and @trussliz today to secure a fantastic trade agreement for Britain. 
 
Br‚Ä¶"
1242587486553092097,2020-11-21 19:15:29,shollywinzy,"@UBAGroup @WizkidSource 1. Blessed 
2. Piece of me ft Ella Mia
3. Long time ft Skepta
4. Mighty wine
5. No stress
6. Reckless
#UBAGameTime"
1017414398036594688,2020-11-21 19:15:29,nasreez,RT @casspernyovest: #AMN back at no 1 on the ITunes charts!!!! 3 months later!!! Real music!!!! This album is going to age like wine. I put‚Ä¶
155667195,2020-11-21 19:15:28,mattanen,"RT @Cernovich: Don Jr is temporarily alone in quarantine before he returns to his gorgeous girlfriend, wonderful children, and speaking car‚Ä¶"
1196681291082731520,2020-11-21 19:15:25,iamdeebliiz,"RT @Sakpo007: @UBAGroup @WizkidSource 1. Blessed
2. Piece Of Me
3. LongTime
4. Mighty Wine
5. No Stress
6. Reckless

#UBAGameTime #MadeinLa‚Ä¶"
716708370598731777,2020-11-21 19:15:23,Tweet_laura90,"RT @MonsoonValleyUK: #Win 3 bottles of wine! To enter, simply RT this tweet and follow  us¬†@monsoonvalleyUK! #Competition closes 30th Novem‚Ä¶"
278605576,2020-11-21 19:15:19,Mikihart415,@riotwomennn @lawindsor @LeeChatfield @RepJimLillyMI @MIAttyGen That Dom P√©rignon on the wine list ‚¨ÜÔ∏è is a ros√©.  I‚Ä¶ https://t.co/03h8YWdzBR
757221006406742016,2020-11-21 19:15:18,iamtnmy,"1 blessed 
2 piece of me ft Ella mia
3 long time ft skepta
4 mighty wine
5 no stress
6 reckless 
#UBAGameTime‚Ä¶ https://t.co/nH7lYRmiNO"
2447639719,2020-11-21 19:15:18,dlachenm,"RT @TourOfTheFuture: @Timodc ICYMI - the #MIGOP people he summoned to the WH had a little party afterwards at Trump's DC hotel.

Reminds me‚Ä¶"
3183761991,2020-11-21 19:15:18,amandadegregory,@HartsOfStur @lsa_int I would gift this to my lovely daughter @emma_schofield1 She is a connoisseur of wine and che‚Ä¶ https://t.co/8fUYQGHwnC
1293150316133834754,2020-11-21 19:15:17,ThatgirllalaJ,"@UBAGroup Blessed
Piece of me
Longtime
Mighty wine
No stress
Reckless"
1252711117815721988,2020-11-21 19:15:17,LeMadala,RT @casspernyovest: #AMN back at no 1 on the ITunes charts!!!! 3 months later!!! Real music!!!! This album is going to age like wine. I put‚Ä¶
1321452405238751233,2020-11-21 19:15:16,LatClassic,"@UBAGroup 1. Blessed
2. Piece of Me
3. Longtime
4. Mighty wine
5. No stress
6. Reckless

#UBAGameTime #MadeInLahos"
515811937,2020-11-21 19:15:15,Pistoltweet86,"RT @Cernovich: Don Jr is temporarily alone in quarantine before he returns to his gorgeous girlfriend, wonderful children, and speaking car‚Ä¶"
20399915,2020-11-21 19:15:13,withnail69,@nickjacksn Lol they do cry out for food but I‚Äôll happily drink tannic wine by itself
3707361142,2020-11-21 19:15:13,investorposii,"@Napaul_ when the girl touched the bottle of wine, i really thought she wanted to break it on the saxophonist's hea‚Ä¶ https://t.co/3dDaszviSI"
410038414,2020-11-21 19:15:13,KosieTheDJ,RT @casspernyovest: #AMN back at no 1 on the ITunes charts!!!! 3 months later!!! Real music!!!! This album is going to age like wine. I put‚Ä¶
1077925890011684865,2020-11-21 19:15:13,Rose92128162,"@BokulakaLulu √áa l√† üëÜ, c'est la th√©orie. Mais, C que nos chers politiciens oublient, en d√©mocratie, c'est le peuple‚Ä¶ https://t.co/WPxLWKIDjE"
1161943845162164224,2020-11-21 19:15:12,BillyJvnior,"@UBAGroup 1 blessed ft Damian Marley
2 Ginger ft burna boy
3 long time ft skepta
4 mighty wine
5 no stress
6 reckle‚Ä¶ https://t.co/893JtmsviF"
1255091927109849089,2020-11-21 19:15:11,JoanSidona,@karuhangademiu1 @IraShaki @KamiraLinda @Acleo256 @Naj_Daniell @Pliam_ Bring wine
90304370,2020-11-21 19:15:10,ESiedentopWing,Wine Tasting In Your Home https://t.co/A1fiDpF3re
149243681,2020-11-21 19:15:08,Iam_Khanyi,"RT @joekay: jazz, wine, &amp; incense typa night"
1181632725217730560,2020-11-21 19:15:08,TruantDraws,RT @LavenderYouko: I'm gonna get drunk on cheap wine and stream me trying to draw.  I'll be starting with the suggestions I've been receivi‚Ä¶
69999875,2020-11-21 19:15:07,djillanne,"RT @MonsoonValleyUK: #Win 3 bottles of wine! To enter, simply RT this tweet and follow  us¬†@monsoonvalleyUK! #Competition closes 30th Novem‚Ä¶"
456114985,2020-11-21 19:15:06,jimmbsc,"@hendygolf Listen to Hendy, he knows wineüëç"
146795266,2020-11-21 19:15:06,lesleyAnnByrne,God I love wine!!!
85464904,2020-11-21 19:15:05,k_linkov08,"RT @LanceUSA70: Lee Chatfield and Mike Shirkey of the MI GOP meet w/ Cheatolini yesterday, have dinner and wine at Trump Hotel last night,‚Ä¶"
709106291147415552,2020-11-21 19:15:05,ThanetGuide,"After a night of red wine I awoke in a train carriage, covered in stewing steak from my visit to Haine Road."
21817497,2020-11-21 19:15:03,LeStripe,@affable_andy Chinese washed down with wine is on the menu here tonight ..... enjoy üòÄx
10797092,2020-11-21 19:15:02,jennyblake,"Touring the Hermann, Missouri Wine Trail - https://t.co/fRApGHPZEc #Missouri #wine #winery #Travel #midwest‚Ä¶ https://t.co/b009tdzRrg"
75960328,2020-11-21 19:15:02,deguin77,@MWCoastChamber @RepJimLillyMI @RepDGarcia Wine and dine me and I will delay an election.
1232360948066897921,2020-11-21 19:15:01,MayBooTheSecond,@Rob_Tb_West Actually.... it‚Äôs HALF glass of wine... üòÅüòÜ
1300426601361006594,2020-11-21 19:15:01,obesecore,@CELERYJUIICE ur wine cellar https://t.co/Dpb7Whflse
1303704245603102721,2020-11-21 19:15:01,MaryKMaxwell3,RT @rossmanmckinney: Nothing says class like brown bags and white wine. And these MI GOP staffers - including legal counsel - begged POTUS‚Ä¶
1010491692426956800,2020-11-21 19:15:01,bbyboyy22,"@UBAGroup 1. Blessed
2. Piece of me
3. Ling time
4. Mighty wine
5. No stress
6. Reckless 
#UBAGameTime
#MadeinLagos"
1198714791986118656,2020-11-21 19:15:00,mayowa_ag,RT @Reuters: At least 37 people have died and hundreds arrested in unrest in Uganda triggered by the arrest of presidential candidate and p‚Ä¶
1035788418326978560,2020-11-21 19:15:00,ArdenPaul4,"RT @SorchaHolloway: I'm thrilled to confirm our guest for #ukwinehour on Thursday 26th November 19.00GMT -
@theIWSC Wine Communicator of th‚Ä¶"
1302312209234698240,2020-11-21 19:15:00,OyinofLaycon,"@UBAGroup 1. blessed 
2. piece of me ft Ella mia
3. long time ft skepta
4. mighty wine
5. no stress
6. reckless 
#UBAGameTime"
1301071233623171072,2020-11-21 19:15:00,ogebiggie,"@UBAGroup 1. Blessed
2. Piece Of Me
3. LongTime
4. Mighty Wine
5. No Stress
6. Reckless

#UBAGameTime #MadeinLagos"
1288457295555371008,2020-11-21 19:14:59,Shuggy621,"@DavidParr1980 @BurnsideNotTosh My favourite Italian is Puglia Prmitivo. 

However best wine this year a Spanish Pr‚Ä¶ https://t.co/nsRJ46FFO3"
1044970663709224960,2020-11-21 19:14:58,iam_shuaib_jnr,"1. Blessed
2. Piece Of Me
3. LongTime
4. Mighty Wine
5. No Stress
6. Reckless

#UBAGameTime 
#MadeinLagos https://t.co/6UA77xu6If"
164676895,2020-11-21 19:14:56,esjaeee,Huhuhu I miss drinking mulled wine in the cold as we enter December üò≠
959488196823474177,2020-11-21 19:14:54,lerticfam_,RT @casspernyovest: #AMN back at no 1 on the ITunes charts!!!! 3 months later!!! Real music!!!! This album is going to age like wine. I put‚Ä¶
1136209571997990912,2020-11-21 19:14:52,Jerrydddd1,You can keep #StrictlyComeDancing - my Saturday evening is watching @FdaMosto  #ToptoToe with a nice bottle of red wine üç∑üç∑
603794229,2020-11-21 19:14:51,Itz_tambuwal,RT @Fact: Red wine has the ability to kill cancer cells.
1061268961524961280,2020-11-21 19:14:50,Ammie_cole,"Blessed 
Piece of me
Longtime
Mighty wine
No stress
Reckless 
#UBAGameTime @UBAGroup https://t.co/MqzuhF2sSW"
